,song_name,song_link,song_id,song_uri,album_name,album_id,album_uri,artist_name,artist_id,artist_uri,duration_seconds,album_song_count,song_popularity,album_release_date,danceability,energy,key,loudness,mode,speechiness,acousticness,instrumentalness,liveness,valence,tempo,artist_genres,album_genres
0,The Box,https://open.spotify.com/track/0nbXyq5TXYPCO7pr3N8S4I,0nbXyq5TXYPCO7pr3N8S4I,spotify:track:0nbXyq5TXYPCO7pr3N8S4I,Please Excuse Me For Being Antisocial,52u4anZbHd6UInnmHRFzba,spotify:album:52u4anZbHd6UInnmHRFzba,Roddy Ricch,757aE44tKEUQEqRuT6GnEB,spotify:artist:757aE44tKEUQEqRuT6GnEB,196.652,16,100,2019-12-06,0.896,0.586,10,-6.687,0,0.0559,0.104,0.0,0.79,0.642,116.971,"['melodic rap', 'rap']",[]
2,Circles,https://open.spotify.com/track/21jGcNKet2qwijlDFuPiPb,21jGcNKet2qwijlDFuPiPb,spotify:track:21jGcNKet2qwijlDFuPiPb,Hollywood's Bleeding,4g1ZRSobMefqF6nelkgibi,spotify:album:4g1ZRSobMefqF6nelkgibi,Post Malone,246dkjvS1zLTtiykXe5h60,spotify:artist:246dkjvS1zLTtiykXe5h60,215.28,17,95,2019-09-06,0.695,0.762,0,-3.497,1,0.0395,0.192,0.00244,0.0863,0.553,120.042,"['dfw rap', 'melodic rap', 'rap']",[]
3,Memories,https://open.spotify.com/track/2b8fOow8UzyDFAE27YhOZM,2b8fOow8UzyDFAE27YhOZM,spotify:track:2b8fOow8UzyDFAE27YhOZM,Memories,3nR9B40hYLKLcR0Eph3Goc,spotify:album:3nR9B40hYLKLcR0Eph3Goc,Maroon 5,04gDigrS5kc9YWfZHwBETP,spotify:artist:04gDigrS5kc9YWfZHwBETP,189.486,1,95,2019-09-20,0.764,0.32,11,-7.209,1,0.0546,0.837,0.0,0.0822,0.575,91.019,"['pop', 'pop rock']",[]
4,Someone You Loved,https://open.spotify.com/track/7qEHsqek33rTcFNT9PFqLf,7qEHsqek33rTcFNT9PFqLf,spotify:track:7qEHsqek33rTcFNT9PFqLf,Divinely Uninspired To A Hellish Extent,5658aM19fA3JVwTK6eQX70,spotify:album:5658aM19fA3JVwTK6eQX70,Lewis Capaldi,4GNC7GD6oZMSxPGyXy4MNB,spotify:artist:4GNC7GD6oZMSxPGyXy4MNB,182.16,12,93,2019-05-17,0.501,0.405,1,-5.679,1,0.0319,0.751,0.0,0.105,0.446,109.891,"['pop', 'uk pop']",[]
5,"10,000 Hours (with Justin Bieber)",https://open.spotify.com/track/2wrJq5XKLnmhRXHIAf9xBa,2wrJq5XKLnmhRXHIAf9xBa,spotify:track:2wrJq5XKLnmhRXHIAf9xBa,"10,000 Hours (with Justin Bieber)",4ow6xJwn49gpWz7iHpOzWY,spotify:album:4ow6xJwn49gpWz7iHpOzWY,Dan + Shay,7z5WFjZAIYejWy0NI5lv4T,spotify:artist:7z5WFjZAIYejWy0NI5lv4T,167.693,1,89,2019-10-04,0.654,0.63,10,-4.644,1,0.0259,0.153,0.0,0.111,0.43,89.991,"['contemporary country', 'pop']",[]
6,Dance Monkey,https://open.spotify.com/track/2XU0oxnq2qxCpomAAuJY8K,2XU0oxnq2qxCpomAAuJY8K,spotify:track:2XU0oxnq2qxCpomAAuJY8K,Dance Monkey (Stripped Back) / Dance Monkey,0UywfDKYlyiu1b38DRrzYD,spotify:album:0UywfDKYlyiu1b38DRrzYD,Tones and I,2NjfBq1NflQcKSeiDooVjY,spotify:artist:2NjfBq1NflQcKSeiDooVjY,209.438,2,98,2019-10-17,0.824,0.588,6,-6.4,0,0.0924,0.692,0.000104,0.149,0.513,98.027,['australian pop'],[]
7,ROXANNE,https://open.spotify.com/track/696DnlkuDOXcMAnKlTgXXK,696DnlkuDOXcMAnKlTgXXK,spotify:track:696DnlkuDOXcMAnKlTgXXK,ROXANNE,6HJDrXs0hpebaRFKA1sF90,spotify:album:6HJDrXs0hpebaRFKA1sF90,Arizona Zervas,0vRvGUQVUjytro0xpb26bs,spotify:artist:0vRvGUQVUjytro0xpb26bs,163.636,1,97,2019-10-10,0.621,0.601,6,-5.616,0,0.148,0.0522,0.0,0.46,0.457,116.735,['pop rap'],[]
8,Don't Start Now,https://open.spotify.com/track/6WrI0LAC5M1Rw2MnX2ZvEg,6WrI0LAC5M1Rw2MnX2ZvEg,spotify:track:6WrI0LAC5M1Rw2MnX2ZvEg,Don't Start Now,0ix3XtPV1LwmZADsprKxcp,spotify:album:0ix3XtPV1LwmZADsprKxcp,Dua Lipa,6M2wZ9GZgrQXHCFfjv46we,spotify:artist:6M2wZ9GZgrQXHCFfjv46we,183.29,1,97,2019-10-31,0.794,0.793,11,-4.521,0,0.0842,0.0125,0.0,0.0952,0.677,123.941,"['dance pop', 'pop', 'post-teen pop', 'uk pop']",[]
9,everything i wanted,https://open.spotify.com/track/3ZCTVFBt2Brf31RLEnCkWJ,3ZCTVFBt2Brf31RLEnCkWJ,spotify:track:3ZCTVFBt2Brf31RLEnCkWJ,everything i wanted,4i3rAwPw7Ln2YrKDusaWyT,spotify:album:4i3rAwPw7Ln2YrKDusaWyT,Billie Eilish,6qqNVTkY8uBg9cP3Jd7DAH,spotify:artist:6qqNVTkY8uBg9cP3Jd7DAH,245.425,1,96,2019-11-13,0.704,0.225,6,-14.454,0,0.0994,0.902,0.657,0.106,0.243,120.006,"['electropop', 'pop']",[]
10,Lose You To Love Me,https://open.spotify.com/track/4l0Mvzj72xxOpRrp6h8nHi,4l0Mvzj72xxOpRrp6h8nHi,spotify:track:4l0Mvzj72xxOpRrp6h8nHi,Rare,3YPFaTR7WMi1Hd4NVKdCJx,spotify:album:3YPFaTR7WMi1Hd4NVKdCJx,Selena Gomez,0C8ZW7ezQVs4URX5aX7Kqx,spotify:artist:0C8ZW7ezQVs4URX5aX7Kqx,206.458,13,91,2020-01-10,0.488,0.343,4,-8.985,1,0.0436,0.556,0.0,0.21,0.0978,102.819,"['dance pop', 'pop', 'post-teen pop']",[]
12,Good as Hell (feat. Ariana Grande) - Remix,https://open.spotify.com/track/07Oz5StQ7GRoygNLaXs2pd,07Oz5StQ7GRoygNLaXs2pd,spotify:track:07Oz5StQ7GRoygNLaXs2pd,Good as Hell (feat. Ariana Grande) [Remix],1k1HuvFs562Z3CCiSYhtc1,spotify:album:1k1HuvFs562Z3CCiSYhtc1,Lizzo,56oDRnqbIiwx4mymNEv7dS,spotify:artist:56oDRnqbIiwx4mymNEv7dS,159.011,2,86,2019-10-25,0.668,0.892,5,-3.001,0,0.0645,0.298,0.0,0.735,0.478,95.927,"['escape room', 'minnesota hip hop', 'pop', 'pop rap', 'trap queen']",[]
13,BOP,https://open.spotify.com/track/6Ozh9Ok6h4Oi1wUSLtBseN,6Ozh9Ok6h4Oi1wUSLtBseN,spotify:track:6Ozh9Ok6h4Oi1wUSLtBseN,KIRK,1NsTSXjVNE7XmZ8PmyW0wl,spotify:album:1NsTSXjVNE7XmZ8PmyW0wl,DaBaby,4r63FhuTkUYltbVAg5TQnk,spotify:artist:4r63FhuTkUYltbVAg5TQnk,159.714,13,91,2019-09-27,0.769,0.787,11,-3.909,1,0.367,0.189,0.0,0.129,0.836,126.77,"['nc hip hop', 'rap']",[]
14,Yummy,https://open.spotify.com/track/41L3O37CECZt3N7ziG2z7l,41L3O37CECZt3N7ziG2z7l,spotify:track:41L3O37CECZt3N7ziG2z7l,Yummy,1SN6N3fNkZk5oXQ9X46QZ3,spotify:album:1SN6N3fNkZk5oXQ9X46QZ3,Justin Bieber,1uNFoZAHBGtllmzznpCI3s,spotify:artist:1uNFoZAHBGtllmzznpCI3s,210.426,1,96,2020-01-03,0.687,0.514,9,-6.612,0,0.0897,0.366,0.0,0.116,0.494,145.921,"['canadian pop', 'pop', 'post-teen pop']",[]
16,bad guy,https://open.spotify.com/track/2Fxmhks0bxGSBdJ92vM42m,2Fxmhks0bxGSBdJ92vM42m,spotify:track:2Fxmhks0bxGSBdJ92vM42m,"WHEN WE ALL FALL ASLEEP, WHERE DO WE GO?",0S0KGZnfBGSIssfF54WSJh,spotify:album:0S0KGZnfBGSIssfF54WSJh,Billie Eilish,6qqNVTkY8uBg9cP3Jd7DAH,spotify:artist:6qqNVTkY8uBg9cP3Jd7DAH,194.087,14,94,2019-03-29,0.701,0.425,7,-10.965,1,0.375,0.328,0.13,0.1,0.562,135.128,"['electropop', 'pop']",[]
17,Blinding Lights,https://open.spotify.com/track/0sf12qNH5qcw8qpgymFOqD,0sf12qNH5qcw8qpgymFOqD,spotify:track:0sf12qNH5qcw8qpgymFOqD,Blinding Lights,2ZfHkwHuoAZrlz7RMj0PDz,spotify:album:2ZfHkwHuoAZrlz7RMj0PDz,The Weeknd,1Xyo4u8uXC1ZmMpatF05PJ,spotify:artist:1Xyo4u8uXC1ZmMpatF05PJ,201.573,1,99,2019-11-29,0.513,0.796,1,-4.075,1,0.0629,0.00147,0.000209,0.0938,0.345,171.017,"['canadian contemporary r&b', 'canadian pop', 'pop']",[]
18,Heartless,https://open.spotify.com/track/57vxBYXtHMk6H1aD29V7PU,57vxBYXtHMk6H1aD29V7PU,spotify:track:57vxBYXtHMk6H1aD29V7PU,Heartless,7vRcickwa6GCfY1qKKe4lK,spotify:album:7vRcickwa6GCfY1qKKe4lK,The Weeknd,1Xyo4u8uXC1ZmMpatF05PJ,spotify:artist:1Xyo4u8uXC1ZmMpatF05PJ,200.08,1,88,2019-11-27,0.531,0.75,10,-5.831,0,0.111,0.00632,7.6e-05,0.117,0.198,169.954,"['canadian contemporary r&b', 'canadian pop', 'pop']",[]
19,HIGHEST IN THE ROOM,https://open.spotify.com/track/3eekarcy7kvN4yt5ZFzltW,3eekarcy7kvN4yt5ZFzltW,spotify:track:3eekarcy7kvN4yt5ZFzltW,HIGHEST IN THE ROOM,2uDTi1PlpSpvAv7IRAoAEU,spotify:album:2uDTi1PlpSpvAv7IRAoAEU,Travis Scott,0Y5tJX1MQlPlqiwlOH1tJY,spotify:artist:0Y5tJX1MQlPlqiwlOH1tJY,175.72,1,90,2019-10-04,0.598,0.427,7,-8.764,0,0.0317,0.0546,5.83e-06,0.21,0.0605,76.469,['rap'],[]
20,The Bones,https://open.spotify.com/track/3npzogdOEiVsieXmmhBepL,3npzogdOEiVsieXmmhBepL,spotify:track:3npzogdOEiVsieXmmhBepL,GIRL,5QakU0QMcoxjjyCS1YW4G5,spotify:album:5QakU0QMcoxjjyCS1YW4G5,Maren Morris,6WY7D3jk8zTrHtmkqqo5GI,spotify:artist:6WY7D3jk8zTrHtmkqqo5GI,197.293,14,78,2019-03-08,0.612,0.57,11,-6.642,0,0.0347,0.279,0.0,0.0963,0.335,77.004,"['contemporary country', 'pop', 'texas country']",[]
22,hot girl bummer,https://open.spotify.com/track/7aiClxsDWFRQ0Kzk5KI5ku,7aiClxsDWFRQ0Kzk5KI5ku,spotify:track:7aiClxsDWFRQ0Kzk5KI5ku,hot girl bummer,37CqAwxTungNxKpIK5vSgE,spotify:album:37CqAwxTungNxKpIK5vSgE,blackbear,2cFrymmkijnjDg9SS92EPM,spotify:artist:2cFrymmkijnjDg9SS92EPM,185.093,1,91,2019-08-23,0.778,0.559,6,-7.109,0,0.0776,0.128,0.0,0.399,0.678,129.989,"['pop', 'pop rap']",[]
24,Woah,https://open.spotify.com/track/598yNsG1JFrGd4n2kMoz7F,598yNsG1JFrGd4n2kMoz7F,spotify:track:598yNsG1JFrGd4n2kMoz7F,Woah,393l0NdTr8Rv0hybf4FTxy,spotify:album:393l0NdTr8Rv0hybf4FTxy,Lil Baby,5f7VJjfbwm532GiveGC0ZK,spotify:artist:5f7VJjfbwm532GiveGC0ZK,183.011,1,87,2019-11-08,0.882,0.602,11,-5.554,1,0.245,0.0177,0.0,0.178,0.43,142.959,"['atl hip hop', 'atl trap', 'rap', 'trap']",[]
25,"Señorita - Cover by Shawn Mendes, Camila Cabello",https://open.spotify.com/track/7j51JJNPTPc9pLxcrgZdFR,7j51JJNPTPc9pLxcrgZdFR,spotify:track:7j51JJNPTPc9pLxcrgZdFR,Salsa y Tropical Hits,4l8ZZYF8a5PyLQvNyuTqRl,spotify:album:4l8ZZYF8a5PyLQvNyuTqRl,Los Universales,2i5GSJG12PicnskMwuoQ99,spotify:artist:2i5GSJG12PicnskMwuoQ99,240.631,12,16,2019-11-15,0.683,0.973,0,-2.752,1,0.032,0.429,1.82e-05,0.175,0.82,94.983,[],[]
26,Trampoline (with ZAYN),https://open.spotify.com/track/1iQDltZqI7BXnHrFy4Qo1k,1iQDltZqI7BXnHrFy4Qo1k,spotify:track:1iQDltZqI7BXnHrFy4Qo1k,Trampoline (with ZAYN),5QqqBZmdQmY1MvlnpBkagB,spotify:album:5QqqBZmdQmY1MvlnpBkagB,SHAED,3KwmxIhSe9UTSEF37kwngR,spotify:artist:3KwmxIhSe9UTSEF37kwngR,184.28,1,86,2019-09-26,0.619,0.459,7,-5.782,0,0.0334,0.56,0.0,0.137,0.498,126.803,"['electropop', 'pop']",[]
27,You should be sad,https://open.spotify.com/track/7lidXGPXPYLNThITAOTlkK,7lidXGPXPYLNThITAOTlkK,spotify:track:7lidXGPXPYLNThITAOTlkK,Manic,68enXe5XcJdciSDAZr0Alr,spotify:album:68enXe5XcJdciSDAZr0Alr,Halsey,26VFTg2z8YR0cCuwLzESi2,spotify:artist:26VFTg2z8YR0cCuwLzESi2,205.473,16,90,2020-01-17,0.591,0.585,2,-6.35,1,0.0277,0.143,0.0,0.109,0.324,110.94,"['dance pop', 'electropop', 'etherpop', 'indie poptimism', 'pop', 'post-teen pop']",[]
28,Adore You,https://open.spotify.com/track/1M4qEo4HE3PRaCOM7EXNJq,1M4qEo4HE3PRaCOM7EXNJq,spotify:track:1M4qEo4HE3PRaCOM7EXNJq,Adore You,5SL9nXZYZZl68bHwaM8uLa,spotify:album:5SL9nXZYZZl68bHwaM8uLa,Harry Styles,6KImCVD70vtIoJWnq6nGn3,spotify:artist:6KImCVD70vtIoJWnq6nGn3,207.133,3,89,2019-12-06,0.676,0.771,8,-3.675,1,0.0483,0.0237,7e-06,0.102,0.569,99.048,"['pop', 'post-teen pop']",[]
29,What A Man Gotta Do,https://open.spotify.com/track/4wNIkl5XGiAACjFBlDWuSd,4wNIkl5XGiAACjFBlDWuSd,spotify:track:4wNIkl5XGiAACjFBlDWuSd,What A Man Gotta Do,3SgvmlSsTrMuqICaOTlo0p,spotify:album:3SgvmlSsTrMuqICaOTlo0p,Jonas Brothers,7gOdHgIoIKoe4i9Tta6qdD,spotify:artist:7gOdHgIoIKoe4i9Tta6qdD,180.644,1,90,2020-01-17,0.852,0.698,9,-7.206,1,0.0629,0.00839,1.03e-06,0.0773,0.324,113.039,"['boy band', 'dance pop', 'pop', 'pop rock', 'post-teen pop']",[]
30,B.I.T.C.H.,https://open.spotify.com/track/06scTb0zbkxYNgpAB3J9fN,06scTb0zbkxYNgpAB3J9fN,spotify:track:06scTb0zbkxYNgpAB3J9fN,B.I.T.C.H.,34LUTyhy4RZkfjvnF0gWu4,spotify:album:34LUTyhy4RZkfjvnF0gWu4,Megan Thee Stallion,181bsRPaVXVlUKXrxwZfHK,spotify:artist:181bsRPaVXVlUKXrxwZfHK,183.142,1,77,2020-01-24,0.744,0.733,11,-4.362,0,0.306,0.0839,0.0,0.125,0.538,174.015,"['houston rap', 'pop', 'pop rap', 'trap queen']",[]
31,Truth Hurts,https://open.spotify.com/track/3HWzoMvoF3TQfYg4UPszDq,3HWzoMvoF3TQfYg4UPszDq,spotify:track:3HWzoMvoF3TQfYg4UPszDq,Cuz I Love You (Super Deluxe),2KJjOBX280F3hZZE1xO33O,spotify:album:2KJjOBX280F3hZZE1xO33O,Lizzo,56oDRnqbIiwx4mymNEv7dS,spotify:artist:56oDRnqbIiwx4mymNEv7dS,173.325,16,77,2019-04-19,0.715,0.624,4,-3.046,0,0.114,0.11,0.0,0.123,0.412,158.087,"['escape room', 'minnesota hip hop', 'pop', 'pop rap', 'trap queen']",[]
32,Falling,https://open.spotify.com/track/4TnjEaWOeW0eKTKIEvJyCa,4TnjEaWOeW0eKTKIEvJyCa,spotify:track:4TnjEaWOeW0eKTKIEvJyCa,Falling,1Czfd5tEby3DbdYNdqzrCa,spotify:album:1Czfd5tEby3DbdYNdqzrCa,Trevor Daniel,7uaIm6Pw7xplS8Dy06V6pT,spotify:artist:7uaIm6Pw7xplS8Dy06V6pT,159.381,1,97,2018-10-05,0.784,0.43,10,-8.756,0,0.0364,0.123,0.0,0.0887,0.236,127.087,"['alternative r&b', 'melodic rap', 'pop rap']",[]
33,Anyone (Demi Lovato) - Piano Version,https://open.spotify.com/track/14KAdcQEnGiYZq7BNGX1iS,14KAdcQEnGiYZq7BNGX1iS,spotify:track:14KAdcQEnGiYZq7BNGX1iS,Anyone (Demi Lovato) [Piano Version],3Wr6W5czf49hkS9oGbbggE,spotify:album:3Wr6W5czf49hkS9oGbbggE,Sarah Coponat,58O8ofa5HggGnIPuu3Oo7U,spotify:artist:58O8ofa5HggGnIPuu3Oo7U,177.619,1,40,2020-01-28,0.224,0.256,11,-14.452,1,0.0386,0.945,0.891,0.0948,0.0395,87.515,[],[]
35,Suicidal,https://open.spotify.com/track/1iSqfoUFnQwV0QW1EfUit8,1iSqfoUFnQwV0QW1EfUit8,spotify:track:1iSqfoUFnQwV0QW1EfUit8,Melly vs. Melvin,5xq6RMHNIBA73qld03dR6V,spotify:album:5xq6RMHNIBA73qld03dR6V,YNW Melly,1cNDP5yjU5vjeR8qMf4grg,spotify:artist:1cNDP5yjU5vjeR8qMf4grg,222.997,14,91,2019-11-22,0.736,0.369,9,-9.682,0,0.0688,0.334,0.0,0.126,0.235,140.005,['melodic rap'],[]
36,Only Human,https://open.spotify.com/track/0DiDStADDVh3SvAsoJAFMk,0DiDStADDVh3SvAsoJAFMk,spotify:track:0DiDStADDVh3SvAsoJAFMk,Happiness Begins,1Uf67JAtkVWfdydzFFqNF2,spotify:album:1Uf67JAtkVWfdydzFFqNF2,Jonas Brothers,7gOdHgIoIKoe4i9Tta6qdD,spotify:artist:7gOdHgIoIKoe4i9Tta6qdD,183.0,14,84,2019-06-07,0.795,0.496,0,-5.883,1,0.0722,0.108,0.0,0.0645,0.874,94.01,"['boy band', 'dance pop', 'pop', 'pop rock', 'post-teen pop']",[]
37,Sum 2 Prove,https://open.spotify.com/track/2u3EyuCqqV31woqGvO9LBz,2u3EyuCqqV31woqGvO9LBz,spotify:track:2u3EyuCqqV31woqGvO9LBz,Sum 2 Prove,7KPtAktRGrVjy0QV3MXnZk,spotify:album:7KPtAktRGrVjy0QV3MXnZk,Lil Baby,5f7VJjfbwm532GiveGC0ZK,spotify:artist:5f7VJjfbwm532GiveGC0ZK,205.76,1,84,2020-01-10,0.823,0.552,4,-7.57,0,0.324,0.0174,0.0,0.122,0.418,124.038,"['atl hip hop', 'atl trap', 'rap', 'trap']",[]
38,Sucker,https://open.spotify.com/track/22vgEDb5hykfaTwLuskFGD,22vgEDb5hykfaTwLuskFGD,spotify:track:22vgEDb5hykfaTwLuskFGD,Happiness Begins,1Uf67JAtkVWfdydzFFqNF2,spotify:album:1Uf67JAtkVWfdydzFFqNF2,Jonas Brothers,7gOdHgIoIKoe4i9Tta6qdD,spotify:artist:7gOdHgIoIKoe4i9Tta6qdD,181.026,14,86,2019-06-07,0.842,0.734,1,-5.065,0,0.0588,0.0427,0.0,0.106,0.952,137.958,"['boy band', 'dance pop', 'pop', 'pop rock', 'post-teen pop']",[]
39,One Man Band,https://open.spotify.com/track/08dFHFTx6r67MTsYn5ilDR,08dFHFTx6r67MTsYn5ilDR,spotify:track:08dFHFTx6r67MTsYn5ilDR,Old Dominion,2u7YB4vGWWHqWJrBJTqT7V,spotify:album:2u7YB4vGWWHqWJrBJTqT7V,Old Dominion,6y8XlgIV8BLlIg1tT1R10i,spotify:artist:6y8XlgIV8BLlIg1tT1R10i,186.24,12,79,2019-10-25,0.706,0.358,6,-8.331,1,0.0348,0.677,0.0,0.107,0.478,75.991,"['contemporary country', 'country road']",[]
40,Even Though I'm Leaving,https://open.spotify.com/track/5aZQrb2TXWEh9uZR4HEY3r,5aZQrb2TXWEh9uZR4HEY3r,spotify:track:5aZQrb2TXWEh9uZR4HEY3r,What You See Is What You Get,1LVNYhjG7hkowdUwgwOdXj,spotify:album:1LVNYhjG7hkowdUwgwOdXj,Luke Combs,718COspgdWOnwOFpJHRZHS,spotify:artist:718COspgdWOnwOFpJHRZHS,225.253,17,77,2019-11-08,0.554,0.755,2,-6.04,1,0.0319,0.225,0.0,0.301,0.624,77.962,['contemporary country'],[]
41,Heartache Medication,https://open.spotify.com/track/6ZvAXIWw3rw8WR0Xlmifri,6ZvAXIWw3rw8WR0Xlmifri,spotify:track:6ZvAXIWw3rw8WR0Xlmifri,Heartache Medication,0JzXywsekILWEm0mBPKKhC,spotify:album:0JzXywsekILWEm0mBPKKhC,Jon Pardi,4MoAOfV4ROWofLG3a3hhBN,spotify:artist:4MoAOfV4ROWofLG3a3hhBN,209.109,1,71,2019-05-20,0.621,0.791,9,-3.343,1,0.0265,0.0361,0.0,0.143,0.734,95.075,"['contemporary country', 'country', 'country road', 'modern country rock']",[]
42,I Don't Care (with Justin Bieber) - Chronixx & Koffee Remix,https://open.spotify.com/track/2Xqm0jHnkvjzrkkVRInzUB,2Xqm0jHnkvjzrkkVRInzUB,spotify:track:2Xqm0jHnkvjzrkkVRInzUB,I Don't Care (with Justin Bieber) [Chronixx & Koffee Remix],1alDPx3BdkU4YBHRZ8gGLu,spotify:album:1alDPx3BdkU4YBHRZ8gGLu,Ed Sheeran,6eUKZXaKkcviH0Ku9w2n3V,spotify:artist:6eUKZXaKkcviH0Ku9w2n3V,218.373,1,53,2019-06-25,0.759,0.688,6,-4.413,1,0.0801,0.347,0.0,0.11,0.812,101.902,"['pop', 'uk pop']",[]
44,Kinfolks,https://open.spotify.com/track/53F1MVa1BWUkTBbVqgVAfN,53F1MVa1BWUkTBbVqgVAfN,spotify:track:53F1MVa1BWUkTBbVqgVAfN,Kinfolks,625MA4PZ4GUROYHFK9kl31,spotify:album:625MA4PZ4GUROYHFK9kl31,Sam Hunt,2kucQ9jQwuD8jWdtR9Ef38,spotify:artist:2kucQ9jQwuD8jWdtR9Ef38,181.933,1,76,2019-10-10,0.565,0.805,0,-4.457,1,0.0489,0.0808,0.0,0.173,0.869,76.04,"['contemporary country', 'country pop']",[]
45,Bandit (Originally Performed by Juice WRLD and YoungBoy Never Broke Again) [Instrumental],https://open.spotify.com/track/4Ok9BdDyaENoy4JJy3GZcW,4Ok9BdDyaENoy4JJy3GZcW,spotify:track:4Ok9BdDyaENoy4JJy3GZcW,Bandit (Originally Performed by Juice WRLD and YoungBoy Never Broke Again) [Instrumental],5bOMZbAVZxSWUvStXVGCGW,spotify:album:5bOMZbAVZxSWUvStXVGCGW,3 Dope Brothas,2xuavSHRMQ6dIyDjiFr8cu,spotify:artist:2xuavSHRMQ6dIyDjiFr8cu,193.89,1,8,2019-10-23,0.445,0.62,5,-11.233,0,0.0352,0.161,0.921,0.163,0.0398,180.768,[],[]
46,Juicy (Originally Performed by Doja Cat and Tyga) [Instrumental],https://open.spotify.com/track/3qEtwbxPCZI8r8VR0hqirx,3qEtwbxPCZI8r8VR0hqirx,spotify:track:3qEtwbxPCZI8r8VR0hqirx,Juicy (Originally Performed by Doja Cat and Tyga) [Instrumental],4aBFDs47fUwEuseUGOdH8f,spotify:album:4aBFDs47fUwEuseUGOdH8f,3 Dope Brothas,2xuavSHRMQ6dIyDjiFr8cu,spotify:artist:2xuavSHRMQ6dIyDjiFr8cu,194.929,1,17,2019-11-07,0.67,0.792,7,-9.942,0,0.049,0.00922,0.899,0.0815,0.296,170.785,[],[]
47,Panini - DaBaby Remix,https://open.spotify.com/track/4SDgTLDYrJ2UrHbkRkg7MD,4SDgTLDYrJ2UrHbkRkg7MD,spotify:track:4SDgTLDYrJ2UrHbkRkg7MD,Panini,71BrrQxz8mZAneNSDE9Lov,spotify:album:71BrrQxz8mZAneNSDE9Lov,Lil Nas X,7jVv8c5Fj3E9VhNjxT4snq,spotify:artist:7jVv8c5Fj3E9VhNjxT4snq,151.04,2,80,2019-09-13,0.717,0.598,5,-5.613,0,0.0809,0.22,0.0,0.122,0.496,153.905,"['country rap', 'lgbtq+ hip hop', 'pop rap']",[]
49,Tusa,https://open.spotify.com/track/0MvxgmXHMXh70GpnR0mKkT,0MvxgmXHMXh70GpnR0mKkT,spotify:track:0MvxgmXHMXh70GpnR0mKkT,FIESTA 2019 Y 2020,50qZgy9Rk3HlodIPhPRMso,spotify:album:50qZgy9Rk3HlodIPhPRMso,KAROL G,790FomKkXshlbRYZFtlgla,spotify:artist:790FomKkXshlbRYZFtlgla,200.96,25,41,2019-12-20,0.803,0.715,2,-3.28,1,0.298,0.295,0.000134,0.0574,0.574,101.085,"['latin', 'reggaeton']",[]
50,Homesick,https://open.spotify.com/track/30RZAuEkYeDXvy46Iv6l7E,30RZAuEkYeDXvy46Iv6l7E,spotify:track:30RZAuEkYeDXvy46Iv6l7E,Experiment,4yf4bD1iM96hBH6aIc6SaF,spotify:album:4yf4bD1iM96hBH6aIc6SaF,Kane Brown,3oSJ7TBVCWMDMiYjXNiCKE,spotify:artist:3oSJ7TBVCWMDMiYjXNiCKE,205.4,15,75,2019-11-01,0.701,0.5,8,-8.82,1,0.0303,0.46,0.0,0.234,0.409,97.028,"['contemporary country', 'country road']",[]
51,Good News,https://open.spotify.com/track/1DWZUa5Mzf2BwzpHtgbHPY,1DWZUa5Mzf2BwzpHtgbHPY,spotify:track:1DWZUa5Mzf2BwzpHtgbHPY,Circles,5sY6UIQ32GqwMLAfSNEaXb,spotify:album:5sY6UIQ32GqwMLAfSNEaXb,Mac Miller,4LLpKhyESsyAXpc4laK94U,spotify:artist:4LLpKhyESsyAXpc4laK94U,342.04,12,83,2020-01-17,0.794,0.32,1,-12.92,0,0.173,0.853,0.134,0.112,0.241,174.088,"['hip hop', 'pittsburgh rap', 'pop rap', 'rap']",[]
52,I Hope,https://open.spotify.com/track/2Hc4t9N2nt37oO4sF9BynI,2Hc4t9N2nt37oO4sF9BynI,spotify:track:2Hc4t9N2nt37oO4sF9BynI,I Hope,35SOQhniusum2ewU72jdBh,spotify:album:35SOQhniusum2ewU72jdBh,Gabby Barrett,6Iz3eq2aQGFf7TbGT2iahL,spotify:artist:6Iz3eq2aQGFf7TbGT2iahL,209.228,1,78,2019-01-25,0.561,0.536,6,-6.227,1,0.0346,0.0951,0.0,0.114,0.378,150.014,"['contemporary country', 'country pop']",[]
55,Heart On Ice,https://open.spotify.com/track/6fWa5CRgy0z30OeGZyMBvD,6fWa5CRgy0z30OeGZyMBvD,spotify:track:6fWa5CRgy0z30OeGZyMBvD,PTSD,3M7JdMPr8cOC2fboCXQh7s,spotify:album:3M7JdMPr8cOC2fboCXQh7s,Rod Wave,45TgXXqMDdF8BkjA83OM7z,spotify:artist:45TgXXqMDdF8BkjA83OM7z,159.669,12,78,2019-06-14,0.733,0.389,10,-8.468,0,0.0738,0.0513,0.0,0.141,0.244,157.878,['florida rap'],[]
56,Futsal Shuffle 2020,https://open.spotify.com/track/2Ec33AVlkTTq8BHFgBTdQs,2Ec33AVlkTTq8BHFgBTdQs,spotify:track:2Ec33AVlkTTq8BHFgBTdQs,Futsal Shuffle 2020,4uTOUYhLrGRKkfxfPKTkuy,spotify:album:4uTOUYhLrGRKkfxfPKTkuy,Lil Uzi Vert,4O15NlyKLIASxsJ0PrXPfz,spotify:artist:4O15NlyKLIASxsJ0PrXPfz,198.912,1,88,2019-12-12,0.881,0.457,7,-8.191,0,0.156,0.0327,0.0,0.231,0.296,136.97,"['melodic rap', 'philly rap', 'pop rap', 'rap', 'trap']",[]
57,VIBEZ,https://open.spotify.com/track/0fySG6A6qLE8IvDpayb5bM,0fySG6A6qLE8IvDpayb5bM,spotify:track:0fySG6A6qLE8IvDpayb5bM,KIRK,1NsTSXjVNE7XmZ8PmyW0wl,spotify:album:1NsTSXjVNE7XmZ8PmyW0wl,DaBaby,4r63FhuTkUYltbVAg5TQnk,spotify:artist:4r63FhuTkUYltbVAg5TQnk,144.935,13,86,2019-09-27,0.768,0.652,1,-2.708,0,0.307,0.113,0.0,0.107,0.777,154.187,"['nc hip hop', 'rap']",[]
58,Best On Earth (Originally Performed by Russ and BIA) [Instrumental],https://open.spotify.com/track/0A9SkulhKI95nz799Ti39O,0A9SkulhKI95nz799Ti39O,spotify:track:0A9SkulhKI95nz799Ti39O,Best On Earth (Originally Performed by Russ and BIA) [Instrumental],0KeOjGfbye0GDHGYIEtQ50,spotify:album:0KeOjGfbye0GDHGYIEtQ50,3 Dope Brothas,2xuavSHRMQ6dIyDjiFr8cu,spotify:artist:2xuavSHRMQ6dIyDjiFr8cu,162.833,1,5,2019-10-24,0.756,0.427,5,-10.312,0,0.0482,0.71,0.834,0.111,0.713,90.409,[],[]
60,Graveyard,https://open.spotify.com/track/2ufmtcIFdFpuUYBPXK5f67,2ufmtcIFdFpuUYBPXK5f67,spotify:track:2ufmtcIFdFpuUYBPXK5f67,Manic,68enXe5XcJdciSDAZr0Alr,spotify:album:68enXe5XcJdciSDAZr0Alr,Halsey,26VFTg2z8YR0cCuwLzESi2,spotify:artist:26VFTg2z8YR0cCuwLzESi2,181.805,16,81,2020-01-17,0.667,0.583,11,-5.127,0,0.0747,0.231,4.48e-05,0.181,0.187,92.043,"['dance pop', 'electropop', 'etherpop', 'indie poptimism', 'pop', 'post-teen pop']",[]
61,What She Wants Tonight,https://open.spotify.com/track/5M3v6frAiTyqenNAeQVcxC,5M3v6frAiTyqenNAeQVcxC,spotify:track:5M3v6frAiTyqenNAeQVcxC,What She Wants Tonight,0YgJpsCDakroRHWZ8WzgiT,spotify:album:0YgJpsCDakroRHWZ8WzgiT,Luke Bryan,0BvkDsjIUla7X0k6CSWh1I,spotify:artist:0BvkDsjIUla7X0k6CSWh1I,186.988,1,73,2019-10-24,0.484,0.903,8,-3.9,0,0.0882,0.0649,0.0,0.151,0.716,169.948,"['contemporary country', 'country', 'country road']",[]
62,No Idea,https://open.spotify.com/track/3VyjsVV24RmBIbWJAeUJNu,3VyjsVV24RmBIbWJAeUJNu,spotify:track:3VyjsVV24RmBIbWJAeUJNu,No Idea,1jAxVdQ2FFtbHu6kLNM0au,spotify:album:1jAxVdQ2FFtbHu6kLNM0au,Don Toliver,4Gso3d4CscCijv0lmajZWs,spotify:artist:4Gso3d4CscCijv0lmajZWs,153.75,1,89,2019-05-29,0.656,0.614,6,-4.973,0,0.102,0.558,0.000862,0.215,0.35,128.038,"['hip hop', 'rap', 'trap']",[]
63,Ridin’ Roads,https://open.spotify.com/track/2VPmBOuy7ZAOFSzKwW2IEt,2VPmBOuy7ZAOFSzKwW2IEt,spotify:track:2VPmBOuy7ZAOFSzKwW2IEt,Tullahoma,2jGU6wUOYlyscEVAh6dtg5,spotify:album:2jGU6wUOYlyscEVAh6dtg5,Dustin Lynch,1dID9zgn0OV0Y8ud7Mh2tS,spotify:artist:1dID9zgn0OV0Y8ud7Mh2tS,205.426,11,72,2020-01-17,0.547,0.817,9,-4.255,1,0.0448,0.0986,0.0,0.136,0.592,142.118,"['contemporary country', 'country', 'country road', 'modern country rock']",[]
64,More Hearts Than Mine,https://open.spotify.com/track/0LcspVKJxhEQQSvVMiTPWz,0LcspVKJxhEQQSvVMiTPWz,spotify:track:0LcspVKJxhEQQSvVMiTPWz,More Hearts Than Mine,4VMYwWFqX9vUv9otWLRRF5,spotify:album:4VMYwWFqX9vUv9otWLRRF5,Ingrid Andress,0jPnVIasXzBYjrlpO5irii,spotify:artist:0jPnVIasXzBYjrlpO5irii,214.16,1,73,2019-04-05,0.413,0.428,0,-7.414,1,0.0296,0.111,0.0,0.114,0.391,79.985,"['contemporary country', 'country pop']",[]
65,SUGAR,https://open.spotify.com/track/6U0FIYXCQ3TGrk4tFpLrEA,6U0FIYXCQ3TGrk4tFpLrEA,spotify:track:6U0FIYXCQ3TGrk4tFpLrEA,GINGER,1jToVugwBEzcak8gJNZG2f,spotify:album:1jToVugwBEzcak8gJNZG2f,BROCKHAMPTON,1Bl6wpkWCQ4KVgnASpvzzA,spotify:artist:1Bl6wpkWCQ4KVgnASpvzzA,204.533,12,90,2019-08-23,0.453,0.538,1,-8.212,1,0.0638,0.449,0.0,0.19,0.516,122.973,"['boy band', 'pop', 'rap']",[]
66,I Wish Grandpas Never Died,https://open.spotify.com/track/7Dxes6VnfbZYV0S2QTnVuT,7Dxes6VnfbZYV0S2QTnVuT,spotify:track:7Dxes6VnfbZYV0S2QTnVuT,Different 'Round Here,0wEnZguPw6l4Rcdgzcm5qv,spotify:album:0wEnZguPw6l4Rcdgzcm5qv,Riley Green,2QMsj4XJ7ne2hojxt6v5eb,spotify:artist:2QMsj4XJ7ne2hojxt6v5eb,250.413,14,72,2019-09-20,0.445,0.492,6,-5.717,1,0.0294,0.036,0.0,0.122,0.24,148.013,"['contemporary country', 'country road']",[]
68,Make Me Want To,https://open.spotify.com/track/0AYbVoeF03NYhM0fvKjAuU,0AYbVoeF03NYhM0fvKjAuU,spotify:track:0AYbVoeF03NYhM0fvKjAuU,Mercury Lane,7EpN0TPMSMqGKVjIEzc0Ts,spotify:album:7EpN0TPMSMqGKVjIEzc0Ts,Jimmie Allen,147nKr9upHZSSxqCzh9j7c,spotify:artist:147nKr9upHZSSxqCzh9j7c,172.28,15,71,2018-10-12,0.519,0.872,2,-3.212,1,0.0616,0.0793,0.0,0.111,0.74,179.965,"['contemporary country', 'country pop']",[]
69,Say So,https://open.spotify.com/track/3Dv1eDb0MEgF93GpLXlucZ,3Dv1eDb0MEgF93GpLXlucZ,spotify:track:3Dv1eDb0MEgF93GpLXlucZ,Hot Pink,1MmVkhiwTH0BkNOU3nw5d3,spotify:album:1MmVkhiwTH0BkNOU3nw5d3,Doja Cat,5cj0lLjcoR7YOSnhnX0Po5,spotify:artist:5cj0lLjcoR7YOSnhnX0Po5,237.893,12,91,2019-11-07,0.787,0.673,11,-4.577,0,0.158,0.256,3.57e-06,0.0904,0.786,110.962,"['la indie', 'pop', 'pop rap']",[]
70,We Back,https://open.spotify.com/track/6UL2RC5J2vMau9KOMKQfJg,6UL2RC5J2vMau9KOMKQfJg,spotify:track:6UL2RC5J2vMau9KOMKQfJg,9,2f0DzdU6QbWtZqSlN7s1s5,spotify:album:2f0DzdU6QbWtZqSlN7s1s5,Jason Aldean,3FfvYsEGaIb52QPXhg4DcH,spotify:artist:3FfvYsEGaIb52QPXhg4DcH,197.16,16,71,2019-11-22,0.433,0.928,4,-5.117,0,0.0512,0.0135,2.01e-06,0.32,0.552,155.938,"['contemporary country', 'country', 'country road']",[]
72,homecoming queen?,https://open.spotify.com/track/1s71G3V7XQaVo5IOR6gLbp,1s71G3V7XQaVo5IOR6gLbp,spotify:track:1s71G3V7XQaVo5IOR6gLbp,homecoming queen?,2lFDv7V3owbyWPJ2Ln5h2J,spotify:album:2lFDv7V3owbyWPJ2Ln5h2J,Kelsea Ballerini,3RqBeV12Tt7A8xH3zBDDUF,spotify:artist:3RqBeV12Tt7A8xH3zBDDUF,167.796,1,73,2019-09-06,0.462,0.512,9,-5.443,1,0.0334,0.478,0.0,0.0993,0.29,114.014,"['contemporary country', 'pop']",[]
74,Blue World,https://open.spotify.com/track/2hwOoMtWPtTSSn6WHV7Vp5,2hwOoMtWPtTSSn6WHV7Vp5,spotify:track:2hwOoMtWPtTSSn6WHV7Vp5,Circles,5sY6UIQ32GqwMLAfSNEaXb,spotify:album:5sY6UIQ32GqwMLAfSNEaXb,Mac Miller,4LLpKhyESsyAXpc4laK94U,spotify:artist:4LLpKhyESsyAXpc4laK94U,209.44,12,82,2020-01-17,0.742,0.553,8,-8.98,1,0.419,0.389,0.0,0.0694,0.508,84.931,"['hip hop', 'pittsburgh rap', 'pop rap', 'rap']",[]
75,Make No Sense,https://open.spotify.com/track/6klLvorLoo1sxvZcjJIY8I,6klLvorLoo1sxvZcjJIY8I,spotify:track:6klLvorLoo1sxvZcjJIY8I,AI YoungBoy 2,1nzUj7VkiaytMmf2KrhK2L,spotify:album:1nzUj7VkiaytMmf2KrhK2L,YoungBoy Never Broke Again,7wlFDEWiM5OoIAt8RSli8b,spotify:artist:7wlFDEWiM5OoIAt8RSli8b,148.629,18,82,2019-10-11,0.876,0.733,10,-4.478,0,0.333,0.0208,0.0,0.0999,0.962,154.904,"['baton rouge rap', 'trap']",[]
78,Chasin' You,https://open.spotify.com/track/5MwynWK9s4hlyKHqhkNn4A,5MwynWK9s4hlyKHqhkNn4A,spotify:track:5MwynWK9s4hlyKHqhkNn4A,If I Know Me,1IR2nlwX6YVTXXeu2qzoWO,spotify:album:1IR2nlwX6YVTXXeu2qzoWO,Morgan Wallen,4oUHIQIBe0LHzYfvXNW4QM,spotify:artist:4oUHIQIBe0LHzYfvXNW4QM,205.453,14,77,2018-04-27,0.631,0.591,7,-5.785,1,0.0277,0.657,0.0,0.11,0.489,97.074,"['contemporary country', 'country road', 'deep talent show']",[]
79,Rare,https://open.spotify.com/track/7HMmFQsKsljwTw8bS7lu19,7HMmFQsKsljwTw8bS7lu19,spotify:track:7HMmFQsKsljwTw8bS7lu19,Rare,3YPFaTR7WMi1Hd4NVKdCJx,spotify:album:3YPFaTR7WMi1Hd4NVKdCJx,Selena Gomez,0C8ZW7ezQVs4URX5aX7Kqx,spotify:artist:0C8ZW7ezQVs4URX5aX7Kqx,220.589,13,90,2020-01-10,0.838,0.545,5,-6.713,1,0.0706,0.208,8.01e-05,0.103,0.631,114.998,"['dance pop', 'pop', 'post-teen pop']",[]
80,Slow Dance In A Parking Lot,https://open.spotify.com/track/6MBUUSIWCzaXW4q58Ktrv9,6MBUUSIWCzaXW4q58Ktrv9,spotify:track:6MBUUSIWCzaXW4q58Ktrv9,Home State,3CXa4AY5Rt4kymz1vW90WR,spotify:album:3CXa4AY5Rt4kymz1vW90WR,Jordan Davis,77kULmXAQ6vWer7IIHdGzI,spotify:artist:77kULmXAQ6vWer7IIHdGzI,193.929,12,70,2018-03-23,0.523,0.837,7,-4.494,1,0.0335,0.301,0.0,0.172,0.523,82.006,['contemporary country'],[]
81,Before You Go,https://open.spotify.com/track/7ce20yLkzuXXLUhzIDoZih,7ce20yLkzuXXLUhzIDoZih,spotify:track:7ce20yLkzuXXLUhzIDoZih,Before You Go,0488X5veBK6t3vSmIiTDJY,spotify:album:0488X5veBK6t3vSmIiTDJY,Lewis Capaldi,4GNC7GD6oZMSxPGyXy4MNB,spotify:artist:4GNC7GD6oZMSxPGyXy4MNB,215.106,2,89,2019-11-19,0.459,0.575,3,-4.858,1,0.0573,0.604,0.0,0.0885,0.183,111.881,"['pop', 'uk pop']",[]
83,Vete,https://open.spotify.com/track/5DxXgozhkPLgrbKFY91w0c,5DxXgozhkPLgrbKFY91w0c,spotify:track:5DxXgozhkPLgrbKFY91w0c,Vete,3fxzSn0ObgCjLadyR53ohN,spotify:album:3fxzSn0ObgCjLadyR53ohN,Bad Bunny,4q3ewBCX7sLwd24euuV69X,spotify:artist:4q3ewBCX7sLwd24euuV69X,192.024,1,92,2019-11-21,0.886,0.672,1,-4.394,1,0.188,0.0363,8.78e-06,0.101,0.526,91.976,"['latin', 'reggaeton', 'trap latino']",[]
84,Homemade,https://open.spotify.com/track/31JID2STTlLuFqXFWHyM8e,31JID2STTlLuFqXFWHyM8e,spotify:track:31JID2STTlLuFqXFWHyM8e,Greetings From...Jake,6DcjgwmNJdsl2BODdwPOH6,spotify:album:6DcjgwmNJdsl2BODdwPOH6,Jake Owen,1n2pb9Tsfe4SwAjmUac6YT,spotify:artist:1n2pb9Tsfe4SwAjmUac6YT,192.653,14,71,2019-03-29,0.504,0.838,6,-2.703,1,0.0486,0.396,0.0,0.195,0.569,146.065,"['contemporary country', 'country', 'country road', 'modern country rock']",[]
87,Darkness,https://open.spotify.com/track/5SiZJoLXp3WOl3J4C8IK0d,5SiZJoLXp3WOl3J4C8IK0d,spotify:track:5SiZJoLXp3WOl3J4C8IK0d,Music To Be Murdered By,4otkd9As6YaxxEkIjXPiZ6,spotify:album:4otkd9As6YaxxEkIjXPiZ6,Eminem,7dGJo4pcD2V6oG8kP0tJRR,spotify:artist:7dGJo4pcD2V6oG8kP0tJRR,337.146,20,83,2020-01-17,0.671,0.623,2,-7.161,1,0.308,0.00998,7.55e-06,0.643,0.195,75.055,"['detroit hip hop', 'g funk', 'hip hop', 'rap']",[]
88,Camelot,https://open.spotify.com/track/4sWuPniHClkInYAnzXAYUF,4sWuPniHClkInYAnzXAYUF,spotify:track:4sWuPniHClkInYAnzXAYUF,Camelot,5tdGgaiW18D6bjHFLhtblL,spotify:album:5tdGgaiW18D6bjHFLhtblL,NLE Choppa,0ErzCpIMyLcjPiwT4elrtZ,spotify:artist:0ErzCpIMyLcjPiwT4elrtZ,148.759,1,83,2019-09-13,0.787,0.713,7,-5.252,1,0.401,0.0849,0.0,0.717,0.762,175.041,['memphis hip hop'],[]
89,Underdog,https://open.spotify.com/track/3FGiFUJRRp5RGikVrs6kig,3FGiFUJRRp5RGikVrs6kig,spotify:track:3FGiFUJRRp5RGikVrs6kig,Underdog,01aNLzRaKJogmxt3hDeII2,spotify:album:01aNLzRaKJogmxt3hDeII2,Alicia Keys,3DiDSECUqqY1AuBP8qtaIa,spotify:artist:3DiDSECUqqY1AuBP8qtaIa,208.207,1,78,2020-01-09,0.655,0.722,0,-4.726,0,0.048,0.556,0.0,0.133,0.298,90.099,"['hip pop', 'neo soul', 'pop', 'r&b', 'urban contemporary']",[]
90,First Man,https://open.spotify.com/track/6TRt2bniIq0EIlrDlje7b8,6TRt2bniIq0EIlrDlje7b8,spotify:track:6TRt2bniIq0EIlrDlje7b8,Romance,3Vsbl0diFGw8HNSjG8ue9m,spotify:album:3Vsbl0diFGw8HNSjG8ue9m,Camila Cabello,4nDoRrQiYLoBzwC5BhVJzF,spotify:artist:4nDoRrQiYLoBzwC5BhVJzF,228.758,14,76,2019-12-06,0.572,0.292,7,-7.621,1,0.0364,0.906,1.04e-06,0.106,0.223,100.152,"['dance pop', 'pop', 'post-teen pop']",[]
91,What If I Told You That I Love You,https://open.spotify.com/track/74D7JUfU6HYeMx4bZhsHnG,74D7JUfU6HYeMx4bZhsHnG,spotify:track:74D7JUfU6HYeMx4bZhsHnG,What If I Told You That I Love You,0FJdFiVzdDw7YXiNdds38M,spotify:album:0FJdFiVzdDw7YXiNdds38M,Ali Gatie,4rTv3Ejc7hKMtmoBOK1B4T,spotify:artist:4rTv3Ejc7hKMtmoBOK1B4T,193.667,1,82,2020-01-24,0.605,0.365,7,-11.144,1,0.111,0.63,6.83e-06,0.0554,0.224,84.628,"['canadian hip hop', 'pop']",[]
92,Catch,https://open.spotify.com/track/53cGGBxGPaRjP0HVUESyW5,53cGGBxGPaRjP0HVUESyW5,spotify:track:53cGGBxGPaRjP0HVUESyW5,Ticket To L.A.,3TJSHb2z7Zo2K8ff8bMSik,spotify:album:3TJSHb2z7Zo2K8ff8bMSik,Brett Young,0fiWOxhsBsQQvFDtxUQWo0,spotify:artist:0fiWOxhsBsQQvFDtxUQWo0,196.44,13,65,2018-12-07,0.566,0.765,2,-6.337,1,0.0439,0.0248,0.0,0.0783,0.604,156.036,['contemporary country'],[]
97,Black Swan,https://open.spotify.com/track/24NuEDgyRIljwSyY0lsr7b,24NuEDgyRIljwSyY0lsr7b,spotify:track:24NuEDgyRIljwSyY0lsr7b,Black Swan,4RR8ROIGix5CbCGlXHA53I,spotify:album:4RR8ROIGix5CbCGlXHA53I,BTS,3Nrfpe0tUJi4K4DXYWgMUX,spotify:artist:3Nrfpe0tUJi4K4DXYWgMUX,198.26,1,88,2020-01-17,0.719,0.758,2,-5.167,0,0.0851,0.137,0.0,0.129,0.49,147.023,"['k-pop', 'k-pop boy group']",[]
99,Complicated,https://open.spotify.com/track/3WfSNAoj2D8C9noPSGZZFM,3WfSNAoj2D8C9noPSGZZFM,spotify:track:3WfSNAoj2D8C9noPSGZZFM,Circles,5sY6UIQ32GqwMLAfSNEaXb,spotify:album:5sY6UIQ32GqwMLAfSNEaXb,Mac Miller,4LLpKhyESsyAXpc4laK94U,spotify:artist:4LLpKhyESsyAXpc4laK94U,232.211,12,78,2020-01-17,0.831,0.36,0,-8.073,1,0.052,0.136,0.00217,0.0703,0.601,75.014,"['hip hop', 'pittsburgh rap', 'pop rap', 'rap']",[]
100,Hand Me Downs,https://open.spotify.com/track/2Yv2mHzr5AQavVdwQjEokV,2Yv2mHzr5AQavVdwQjEokV,spotify:track:2Yv2mHzr5AQavVdwQjEokV,Circles,5sY6UIQ32GqwMLAfSNEaXb,spotify:album:5sY6UIQ32GqwMLAfSNEaXb,Mac Miller,4LLpKhyESsyAXpc4laK94U,spotify:artist:4LLpKhyESsyAXpc4laK94U,298.44,12,79,2020-01-17,0.677,0.33,2,-11.198,1,0.149,0.474,0.000871,0.064,0.336,68.985,"['hip hop', 'pittsburgh rap', 'pop rap', 'rap']",[]
101,Premonition - Intro,https://open.spotify.com/track/7ccTcabbJlCJiIqtrSSwBk,7ccTcabbJlCJiIqtrSSwBk,spotify:track:7ccTcabbJlCJiIqtrSSwBk,Music To Be Murdered By,4otkd9As6YaxxEkIjXPiZ6,spotify:album:4otkd9As6YaxxEkIjXPiZ6,Eminem,7dGJo4pcD2V6oG8kP0tJRR,spotify:artist:7dGJo4pcD2V6oG8kP0tJRR,173.893,20,79,2020-01-17,0.847,0.637,1,-5.193,1,0.367,0.0258,0.000648,0.382,0.511,165.979,"['detroit hip hop', 'g funk', 'hip hop', 'rap']",[]
102,I Can See,https://open.spotify.com/track/3R8CyhJfVjvgIROd5RSGhQ,3R8CyhJfVjvgIROd5RSGhQ,spotify:track:3R8CyhJfVjvgIROd5RSGhQ,Circles,5sY6UIQ32GqwMLAfSNEaXb,spotify:album:5sY6UIQ32GqwMLAfSNEaXb,Mac Miller,4LLpKhyESsyAXpc4laK94U,spotify:artist:4LLpKhyESsyAXpc4laK94U,220.853,12,78,2020-01-17,0.699,0.503,5,-9.922,0,0.0882,0.391,0.0126,0.0996,0.0546,114.86,"['hip hop', 'pittsburgh rap', 'pop rap', 'rap']",[]
103,In Too Deep,https://open.spotify.com/track/7Dj2wqPYXfSRFwa6qyOztr,7Dj2wqPYXfSRFwa6qyOztr,spotify:track:7Dj2wqPYXfSRFwa6qyOztr,Music To Be Murdered By,4otkd9As6YaxxEkIjXPiZ6,spotify:album:4otkd9As6YaxxEkIjXPiZ6,Eminem,7dGJo4pcD2V6oG8kP0tJRR,spotify:artist:7dGJo4pcD2V6oG8kP0tJRR,194.706,20,80,2020-01-17,0.72,0.767,10,-5.839,0,0.214,0.0387,0.0,0.202,0.595,88.966,"['detroit hip hop', 'g funk', 'hip hop', 'rap']",[]
104,Woods,https://open.spotify.com/track/3Qa944OTMZkg8DHjET8JQv,3Qa944OTMZkg8DHjET8JQv,spotify:track:3Qa944OTMZkg8DHjET8JQv,Circles,5sY6UIQ32GqwMLAfSNEaXb,spotify:album:5sY6UIQ32GqwMLAfSNEaXb,Mac Miller,4LLpKhyESsyAXpc4laK94U,spotify:artist:4LLpKhyESsyAXpc4laK94U,286.386,12,78,2020-01-17,0.779,0.362,0,-10.847,1,0.0474,0.135,0.206,0.111,0.46,85.011,"['hip hop', 'pittsburgh rap', 'pop rap', 'rap']",[]
105,Everybody,https://open.spotify.com/track/1OuN92HcVG6NVpWbeESNB3,1OuN92HcVG6NVpWbeESNB3,spotify:track:1OuN92HcVG6NVpWbeESNB3,Circles,5sY6UIQ32GqwMLAfSNEaXb,spotify:album:5sY6UIQ32GqwMLAfSNEaXb,Mac Miller,4LLpKhyESsyAXpc4laK94U,spotify:artist:4LLpKhyESsyAXpc4laK94U,256.506,12,77,2020-01-17,0.875,0.599,9,-9.077,0,0.138,0.0333,0.0143,0.113,0.112,152.061,"['hip hop', 'pittsburgh rap', 'pop rap', 'rap']",[]
106,Marsh,https://open.spotify.com/track/34d7sGX6WUqq8f04e7CSNF,34d7sGX6WUqq8f04e7CSNF,spotify:track:34d7sGX6WUqq8f04e7CSNF,Music To Be Murdered By,4otkd9As6YaxxEkIjXPiZ6,spotify:album:4otkd9As6YaxxEkIjXPiZ6,Eminem,7dGJo4pcD2V6oG8kP0tJRR,spotify:artist:7dGJo4pcD2V6oG8kP0tJRR,200.573,20,79,2020-01-17,0.871,0.493,1,-6.356,1,0.205,0.0134,0.000241,0.385,0.0495,144.989,"['detroit hip hop', 'g funk', 'hip hop', 'rap']",[]
109,Surf,https://open.spotify.com/track/1kwnxJNVl7cwcU98RvMBaR,1kwnxJNVl7cwcU98RvMBaR,spotify:track:1kwnxJNVl7cwcU98RvMBaR,Circles,5sY6UIQ32GqwMLAfSNEaXb,spotify:album:5sY6UIQ32GqwMLAfSNEaXb,Mac Miller,4LLpKhyESsyAXpc4laK94U,spotify:artist:4LLpKhyESsyAXpc4laK94U,330.506,12,77,2020-01-17,0.828,0.182,1,-13.066,0,0.166,0.754,0.0706,0.15,0.231,147.279,"['hip hop', 'pittsburgh rap', 'pop rap', 'rap']",[]
110,Stepdad,https://open.spotify.com/track/3QVHSV8YKYq4L8tI5rnFgj,3QVHSV8YKYq4L8tI5rnFgj,spotify:track:3QVHSV8YKYq4L8tI5rnFgj,Music To Be Murdered By,4otkd9As6YaxxEkIjXPiZ6,spotify:album:4otkd9As6YaxxEkIjXPiZ6,Eminem,7dGJo4pcD2V6oG8kP0tJRR,spotify:artist:7dGJo4pcD2V6oG8kP0tJRR,213.413,20,79,2020-01-17,0.779,0.805,1,-3.121,1,0.178,0.018,0.0,0.321,0.557,145.68,"['detroit hip hop', 'g funk', 'hip hop', 'rap']",[]
112,That's On Me,https://open.spotify.com/track/0udOCZp7yk0Ml92C0k8H8D,0udOCZp7yk0Ml92C0k8H8D,spotify:track:0udOCZp7yk0Ml92C0k8H8D,Circles,5sY6UIQ32GqwMLAfSNEaXb,spotify:album:5sY6UIQ32GqwMLAfSNEaXb,Mac Miller,4LLpKhyESsyAXpc4laK94U,spotify:artist:4LLpKhyESsyAXpc4laK94U,217.868,12,75,2020-01-17,0.583,0.499,10,-10.086,1,0.0261,0.591,0.0104,0.33,0.342,155.199,"['hip hop', 'pittsburgh rap', 'pop rap', 'rap']",[]
114,Talk (feat. Disclosure),https://open.spotify.com/track/6TqXcAFInzjp0bODyvrWEq,6TqXcAFInzjp0bODyvrWEq,spotify:track:6TqXcAFInzjp0bODyvrWEq,Free Spirit,6KT8x5oqZJl9CcnM66hddo,spotify:album:6KT8x5oqZJl9CcnM66hddo,Khalid,6LuN9FCkKOj5PcnpouEgny,spotify:artist:6LuN9FCkKOj5PcnpouEgny,197.573,17,80,2019-04-05,0.901,0.4,0,-8.575,1,0.126,0.051,0.0,0.0599,0.346,135.984,"['alternative r&b', 'pop']",[]
115,What If I Never Get Over You,https://open.spotify.com/track/0qkdE1C0ufnUISKwhg8Wh6,0qkdE1C0ufnUISKwhg8Wh6,spotify:track:0qkdE1C0ufnUISKwhg8Wh6,Ocean,2Ni5tXmyXPTG4jeQxvSqjv,spotify:album:2Ni5tXmyXPTG4jeQxvSqjv,Lady Antebellum,32WkQRZEVKSzVAAYqukAEA,spotify:artist:32WkQRZEVKSzVAAYqukAEA,206.597,13,74,2019-11-15,0.576,0.724,0,-5.147,1,0.0274,0.016,0.0,0.107,0.34,93.029,"['contemporary country', 'country', 'country dawn', 'country pop', 'country road', 'neo mellow']",[]
116,Lover,https://open.spotify.com/track/1dGr1c8CrMLDpV6mPbImSI,1dGr1c8CrMLDpV6mPbImSI,spotify:track:1dGr1c8CrMLDpV6mPbImSI,Lover,1NAmidJlEaVgA3MpcPFYGq,spotify:album:1NAmidJlEaVgA3MpcPFYGq,Taylor Swift,06HL4z0CvFAxyc27GXpf02,spotify:artist:06HL4z0CvFAxyc27GXpf02,221.306,18,83,2019-08-23,0.359,0.543,7,-7.582,1,0.0919,0.492,1.58e-05,0.118,0.453,68.534,"['dance pop', 'pop', 'post-teen pop']",[]
117,Playing Games (with Bryson Tiller) - Extended Version,https://open.spotify.com/track/2xyx0o4xNOLLjBSbOOdcbA,2xyx0o4xNOLLjBSbOOdcbA,spotify:track:2xyx0o4xNOLLjBSbOOdcbA,Over It,1qgJNWnPIeK9rx7hF8JCPK,spotify:album:1qgJNWnPIeK9rx7hF8JCPK,Summer Walker,57LYzLEk2LcFghVwuWbcuS,spotify:artist:57LYzLEk2LcFghVwuWbcuS,143.226,18,78,2019-10-04,0.726,0.408,11,-6.606,0,0.0614,0.603,0.0,0.225,0.459,115.918,['pop'],[]
119,Remember You Young,https://open.spotify.com/track/3LK6wDkhbTyg8GhJidU9oC,3LK6wDkhbTyg8GhJidU9oC,spotify:track:3LK6wDkhbTyg8GhJidU9oC,Center Point Road,5gnWhEFNbtCn0RLG2cp90g,spotify:album:5gnWhEFNbtCn0RLG2cp90g,Thomas Rhett,6x2LnllRG5uGarZMsD4iO8,spotify:artist:6x2LnllRG5uGarZMsD4iO8,180.466,16,71,2019-05-31,0.396,0.51,6,-6.274,1,0.0327,0.355,0.0,0.113,0.299,113.994,"['contemporary country', 'country', 'country road', 'modern country rock']",[]
121,Eleven,https://open.spotify.com/track/1ToprX3cpBiXoAe5eNSk74,1ToprX3cpBiXoAe5eNSk74,spotify:track:1ToprX3cpBiXoAe5eNSk74,Eleven,66o9dDjDduf6jpvZKzAXm4,spotify:album:66o9dDjDduf6jpvZKzAXm4,Khalid,6LuN9FCkKOj5PcnpouEgny,spotify:artist:6LuN9FCkKOj5PcnpouEgny,206.36,1,85,2020-01-09,0.701,0.396,4,-10.182,0,0.119,0.112,0.0209,0.223,0.115,129.004,"['alternative r&b', 'pop']",[]
124,Conversations in the Dark - John Legend vs. David Guetta,https://open.spotify.com/track/75POv7teJDINzveTwnvvtV,75POv7teJDINzveTwnvvtV,spotify:track:75POv7teJDINzveTwnvvtV,Conversations in the Dark (John Legend vs. David Guetta),4ykZwnoNKdDyfIFzcfe9pf,spotify:album:4ykZwnoNKdDyfIFzcfe9pf,John Legend,5y2Xq6xcjJb2jVM54GHK3t,spotify:artist:5y2Xq6xcjJb2jVM54GHK3t,210.236,1,65,2020-02-14,0.572,0.742,8,-4.589,0,0.0347,0.245,0.0,0.108,0.376,127.19,"['neo mellow', 'neo soul', 'pop', 'r&b', 'urban contemporary']",[]
126,Into the Unknown (Originally Performed by Idina Menzel & AURORA) - Piano Karaoke Version,https://open.spotify.com/track/52AcWC01HFU2gUrNaSFS01,52AcWC01HFU2gUrNaSFS01,spotify:track:52AcWC01HFU2gUrNaSFS01,Into the Unknown (Piano Karaoke Instrumentals),3ngrvQKW4M42y0qtl4Ra0R,spotify:album:3ngrvQKW4M42y0qtl4Ra0R,Sing2Piano,6bwIrnnuFWva1wqbOFAg7T,spotify:artist:6bwIrnnuFWva1wqbOFAg7T,205.218,2,14,2019-12-13,0.346,0.345,10,-13.043,0,0.0448,0.972,0.847,0.164,0.14,106.265,[],[]
127,Look At Her Now,https://open.spotify.com/track/7eOkHIcaoUhngxxypM5Ajr,7eOkHIcaoUhngxxypM5Ajr,spotify:track:7eOkHIcaoUhngxxypM5Ajr,Rare,3YPFaTR7WMi1Hd4NVKdCJx,spotify:album:3YPFaTR7WMi1Hd4NVKdCJx,Selena Gomez,0C8ZW7ezQVs4URX5aX7Kqx,spotify:artist:0C8ZW7ezQVs4URX5aX7Kqx,162.595,13,82,2020-01-10,0.753,0.564,10,-7.908,0,0.252,0.114,0.0273,0.359,0.55,77.342,"['dance pop', 'pop', 'post-teen pop']",[]
128,Watermelon Sugar,https://open.spotify.com/track/1e9oZCCiX42nJl0AcqriVo,1e9oZCCiX42nJl0AcqriVo,spotify:track:1e9oZCCiX42nJl0AcqriVo,Watermelon Sugar,659e2eKbsMH0vYCs5qgFmy,spotify:album:659e2eKbsMH0vYCs5qgFmy,Harry Styles,6KImCVD70vtIoJWnq6nGn3,spotify:artist:6KImCVD70vtIoJWnq6nGn3,174.0,2,86,2019-11-17,0.548,0.816,0,-4.209,1,0.0465,0.122,0.0,0.335,0.557,95.39,"['pop', 'post-teen pop']",[]
129,Nice To Meet Ya,https://open.spotify.com/track/3cphb8kdsjElYR7r5icK3H,3cphb8kdsjElYR7r5icK3H,spotify:track:3cphb8kdsjElYR7r5icK3H,Nice To Meet Ya,3KrYBAbfxlssMirZLs6HzZ,spotify:album:3KrYBAbfxlssMirZLs6HzZ,Niall Horan,1Hsdzj7Dlq2I7tHP7501T4,spotify:artist:1Hsdzj7Dlq2I7tHP7501T4,158.805,1,83,2019-10-04,0.591,0.841,4,-4.351,0,0.0304,0.0119,0.0,0.395,0.392,109.034,"['dance pop', 'pop', 'pop rock', 'post-teen pop']",[]
132,"All I Want - From ""High School Musical: The Musical: The Series""",https://open.spotify.com/track/4Yxc55NX3tAXC2mHRAhtcW,4Yxc55NX3tAXC2mHRAhtcW,spotify:track:4Yxc55NX3tAXC2mHRAhtcW,"All I Want (From ""High School Musical: The Musical: The Series"")",5p3gSxNiXeYlPlztVAUjB2,spotify:album:5p3gSxNiXeYlPlztVAUjB2,Olivia Rodrigo,1McMsnEElThX1knmY4oliG,spotify:artist:1McMsnEElThX1knmY4oliG,177.322,2,82,2019-11-27,0.376,0.43,0,-6.585,0,0.0328,0.0902,0.0,0.0912,0.129,77.599,"['pop', 'post-teen pop']",[]
135,Suge,https://open.spotify.com/track/2gwkD6igEhQbDQegRCcdoB,2gwkD6igEhQbDQegRCcdoB,spotify:track:2gwkD6igEhQbDQegRCcdoB,Baby On Baby,0O1PJ0t69iTO5yWrIeIga0,spotify:album:0O1PJ0t69iTO5yWrIeIga0,DaBaby,4r63FhuTkUYltbVAg5TQnk,spotify:artist:4r63FhuTkUYltbVAg5TQnk,163.32,13,84,2019-03-01,0.876,0.662,2,-6.482,0,0.426,0.0608,0.0,0.127,0.844,75.445,"['nc hip hop', 'rap']",[]
136,Gang Gang (8-Bit JackBoys & Sheck Wes Emulation),https://open.spotify.com/track/1ORoxEWqu4kkKqUunt6hm5,1ORoxEWqu4kkKqUunt6hm5,spotify:track:1ORoxEWqu4kkKqUunt6hm5,"By Request, Vol. 65",7hviOLyeqm6XaCMHD8kOTy,spotify:album:7hviOLyeqm6XaCMHD8kOTy,8-Bit Arcade,21VBNkZvKxrI9zmfFRxXvn,spotify:artist:21VBNkZvKxrI9zmfFRxXvn,242.903,16,5,2020-01-28,0.624,0.49,7,-7.756,0,0.0309,0.0405,0.0106,0.249,0.0794,122.512,"['8-bit', 'scorecore']",[]
139,20/20,https://open.spotify.com/track/4Hqh0dS4x07zuRw6eBTO7p,4Hqh0dS4x07zuRw6eBTO7p,spotify:track:4Hqh0dS4x07zuRw6eBTO7p,20/20,7HUt8oIXR90aLnzugUXM6U,spotify:album:7HUt8oIXR90aLnzugUXM6U,Lil Tjay,6jGMq4yGs7aQzuGsMgVgZR,spotify:artist:6jGMq4yGs7aQzuGsMgVgZR,230.448,1,77,2020-01-01,0.886,0.336,4,-12.779,1,0.239,0.557,0.0,0.0933,0.536,100.044,"['melodic rap', 'nyc rap']",[]
140,ORANGE SODA,https://open.spotify.com/track/5FkoSXiJPKTNyYgALRJFhD,5FkoSXiJPKTNyYgALRJFhD,spotify:track:5FkoSXiJPKTNyYgALRJFhD,DIE FOR MY BITCH,7Cw4LObzgnVqSlkuIyywtI,spotify:album:7Cw4LObzgnVqSlkuIyywtI,Baby Keem,5SXuuuRpukkTvsLuUknva1,spotify:artist:5SXuuuRpukkTvsLuUknva1,129.882,14,83,2019-07-19,0.83,0.564,1,-7.822,1,0.235,0.177,0.0,0.128,0.107,85.042,"['trap', 'underground hip hop', 'vapor trap']",[]
142,Ransom (Lil Tecca Indian Remix),https://open.spotify.com/track/5a8sBH89ksEL0Sn5cya58o,5a8sBH89ksEL0Sn5cya58o,spotify:track:5a8sBH89ksEL0Sn5cya58o,Ransom (Lil Tecca Indian Remix),7FkRsUexqbuhmjkjjqpPY2,spotify:album:7FkRsUexqbuhmjkjjqpPY2,lil faygos,5r0AqbBSuxZ3BeecJSGVBL,spotify:artist:5r0AqbBSuxZ3BeecJSGVBL,60.07,1,37,2019-10-14,0.536,0.715,7,-6.577,1,0.287,0.571,0.000418,0.471,0.391,179.631,[],[]
143,Baby (Lil Baby feat. DaBaby),https://open.spotify.com/track/5MPPttjfGap2C6j6eKcO6J,5MPPttjfGap2C6j6eKcO6J,spotify:track:5MPPttjfGap2C6j6eKcO6J,Quality Control: Control The Streets Volume 2,59zpaLOByFkJhc9D5Xqna9,spotify:album:59zpaLOByFkJhc9D5Xqna9,Quality Control,6i392l38cR3uBPF0DbNs7S,spotify:artist:6i392l38cR3uBPF0DbNs7S,142.417,36,78,2019-08-16,0.97,0.463,10,-7.259,1,0.366,0.0957,0.0,0.151,0.46,108.003,"['hip hop', 'melodic rap', 'pop rap', 'rap', 'southern hip hop', 'trap']",[]
145,SLOW DANCING IN THE DARK,https://open.spotify.com/track/0rKtyWc8bvkriBthvHKY8d,0rKtyWc8bvkriBthvHKY8d,spotify:track:0rKtyWc8bvkriBthvHKY8d,BALLADS 1,34GQP3dILpyCN018y2k61L,spotify:album:34GQP3dILpyCN018y2k61L,Joji,3MZsBdqDrRTJihTHQrO6Dq,spotify:artist:3MZsBdqDrRTJihTHQrO6Dq,209.273,12,84,2018-10-26,0.515,0.479,3,-7.458,1,0.0261,0.544,0.00598,0.191,0.284,88.964,"['alternative r&b', 'viral pop']",[]
147,Yellow Hearts,https://open.spotify.com/track/2W4yABdLc4Jnds67Poi5Nl,2W4yABdLc4Jnds67Poi5Nl,spotify:track:2W4yABdLc4Jnds67Poi5Nl,Yellow Hearts,7L5mva8yC5ctamvs4XzgpR,spotify:album:7L5mva8yC5ctamvs4XzgpR,Ant Saunders,4jpsw9CQS439N0B7SecMgf,spotify:artist:4jpsw9CQS439N0B7SecMgf,223.257,1,86,2019-06-18,0.865,0.438,7,-8.943,1,0.0719,0.177,0.0,0.0743,0.695,129.038,['pop'],[]
148,Let Me Know (I Wonder Why Freestyle),https://open.spotify.com/track/3wwo0bJvDSorOpNfzEkfXx,3wwo0bJvDSorOpNfzEkfXx,spotify:track:3wwo0bJvDSorOpNfzEkfXx,Let Me Know (I Wonder Why Freestyle),5wi0oKiF99ZVACf6oTTsp2,spotify:album:5wi0oKiF99ZVACf6oTTsp2,Juice WRLD,4MCBfE4596Uoi2O4DtmEMz,spotify:artist:4MCBfE4596Uoi2O4DtmEMz,215.38,1,81,2019-12-07,0.635,0.537,7,-7.895,0,0.0832,0.172,0.0,0.418,0.383,125.028,"['chicago rap', 'melodic rap']",[]
149,Loco Contigo (feat. J. Balvin & Tyga),https://open.spotify.com/track/6osaMSJh9NguagEDQcZaKx,6osaMSJh9NguagEDQcZaKx,spotify:track:6osaMSJh9NguagEDQcZaKx,Carte Blanche,2MFS6WG6jnPAgvJpV3PehR,spotify:album:2MFS6WG6jnPAgvJpV3PehR,DJ Snake,540vIaP2JwjQb9dm3aArA4,spotify:artist:540vIaP2JwjQb9dm3aArA4,185.194,17,85,2019-07-25,0.694,0.758,11,-2.986,1,0.218,0.278,1.34e-06,0.102,0.371,192.091,"['dance pop', 'electronic trap', 'pop']",[]
150,Candy,https://open.spotify.com/track/1VJwtWR6z7SpZRwipI12be,1VJwtWR6z7SpZRwipI12be,spotify:track:1VJwtWR6z7SpZRwipI12be,Amala,54tInqO543zy0Y5F2VsUQI,spotify:album:54tInqO543zy0Y5F2VsUQI,Doja Cat,5cj0lLjcoR7YOSnhnX0Po5,spotify:artist:5cj0lLjcoR7YOSnhnX0Po5,190.92,13,82,2018-03-30,0.689,0.516,8,-5.857,1,0.0444,0.513,0.0,0.163,0.209,124.876,"['la indie', 'pop', 'pop rap']",[]
151,"China (8-Bit Anuel AA, Daddy Yankee, Karol G, Ozuna & J Balvin Emulation)",https://open.spotify.com/track/55lL9Spojc3HUhqQlxdjvd,55lL9Spojc3HUhqQlxdjvd,spotify:track:55lL9Spojc3HUhqQlxdjvd,"By Request, Vol. 48",20WyLGTFgL17H07OSaUrmm,spotify:album:20WyLGTFgL17H07OSaUrmm,8-Bit Arcade,21VBNkZvKxrI9zmfFRxXvn,spotify:artist:21VBNkZvKxrI9zmfFRxXvn,296.007,19,8,2019-09-18,0.605,0.498,0,-6.204,1,0.0311,0.199,0.934,0.597,0.783,105.029,"['8-bit', 'scorecore']",[]
152,All I Want for Christmas Is You - Mariah's New Dance Mix Extended 2009,https://open.spotify.com/track/4I5Hn34v6foGP3ta9Xx0rN,4I5Hn34v6foGP3ta9Xx0rN,spotify:track:4I5Hn34v6foGP3ta9Xx0rN,Merry Christmas (Deluxe Anniversary Edition),0cS9prZ8u3fdbc7lmtCaMV,spotify:album:0cS9prZ8u3fdbc7lmtCaMV,Mariah Carey,4iHNK0tOyZPYnBU7nGAgpQ,spotify:artist:4iHNK0tOyZPYnBU7nGAgpQ,401.68,29,31,2019-11-01,0.695,0.652,11,-7.828,0,0.0751,0.000441,5.66e-06,0.0667,0.744,128.024,"['dance pop', 'pop', 'r&b', 'urban contemporary']",[]
153,Rockin' Around The Christmas Tree,https://open.spotify.com/track/2EjXfH91m7f8HiJN1yQg97,2EjXfH91m7f8HiJN1yQg97,spotify:track:2EjXfH91m7f8HiJN1yQg97,Merry Christmas From Brenda Lee,34wa3zf2prXFMk47t9zHFG,spotify:album:34wa3zf2prXFMk47t9zHFG,Brenda Lee,4cPHsZM98sKzmV26wlwD2W,spotify:artist:4cPHsZM98sKzmV26wlwD2W,126.266,12,73,1964-10-19,0.589,0.472,8,-8.749,1,0.0502,0.614,0.0,0.505,0.898,67.196,"['adult standards', 'brill building pop', 'easy listening', 'lounge', 'rockabilly']",[]
154,Jingle Bell Rock,https://open.spotify.com/track/3hBXvHLlTHvnbwrPbeoyAj,3hBXvHLlTHvnbwrPbeoyAj,spotify:track:3hBXvHLlTHvnbwrPbeoyAj,The Classic Years: 1956-1962,7yeVUGG3xvGjKwhM2FBItZ,spotify:album:7yeVUGG3xvGjKwhM2FBItZ,Bobby Helms,38EmEgXkgK51MT2tPY0EoC,spotify:artist:38EmEgXkgK51MT2tPY0EoC,130.973,62,72,1992-01-01,0.754,0.424,2,-8.463,1,0.0363,0.643,0.0,0.0652,0.806,119.705,['adult standards'],[]
155,A Holly Jolly Christmas - Single Version,https://open.spotify.com/track/65Q2mv3UlVi9eO70OpsmSe,65Q2mv3UlVi9eO70OpsmSe,spotify:track:65Q2mv3UlVi9eO70OpsmSe,Have A Holly Jolly Christmas,5r5iTtNflB2DAKO1t5ih8f,spotify:album:5r5iTtNflB2DAKO1t5ih8f,Burl Ives,0MHgLfmQdutffmvWe5XBTN,spotify:artist:0MHgLfmQdutffmvWe5XBTN,135.533,12,62,1965-01-01,0.683,0.375,0,-13.056,1,0.0303,0.579,0.0,0.076,0.888,140.467,"['adult standards', 'american folk revival', 'lounge']",[]
156,It's the Most Wonderful Time of the Year,https://open.spotify.com/track/5hslUAKq9I9CG2bAulFkHN,5hslUAKq9I9CG2bAulFkHN,spotify:track:5hslUAKq9I9CG2bAulFkHN,The Andy Williams Christmas Album,4dcJHxlOJwtyypL7sx1qch,spotify:album:4dcJHxlOJwtyypL7sx1qch,Andy Williams,4sj6D0zlMOl25nprDJBiU9,spotify:artist:4sj6D0zlMOl25nprDJBiU9,151.933,12,71,1963-11-24,0.24,0.598,7,-8.435,1,0.037,0.766,0.0,0.117,0.776,202.082,"['adult standards', 'brill building pop', 'easy listening', 'mellow gold']",[]
157,Last Christmas,https://open.spotify.com/track/2FRnf9qhLbvw8fu4IBXx78,2FRnf9qhLbvw8fu4IBXx78,spotify:track:2FRnf9qhLbvw8fu4IBXx78,LAST CHRISTMAS,6egzU9NKfora01qaNbvwfZ,spotify:album:6egzU9NKfora01qaNbvwfZ,Wham!,5lpH0xAS4fVfLkACg9DAuM,spotify:artist:5lpH0xAS4fVfLkACg9DAuM,262.96,3,69,1984-11-29,0.735,0.478,2,-12.472,1,0.0293,0.189,2.48e-06,0.355,0.947,107.682,"['dance rock', 'europop', 'new romantic', 'new wave', 'new wave pop']",[]
158,Feliz Navidad,https://open.spotify.com/track/0oPdaY4dXtc3ZsaG17V972,0oPdaY4dXtc3ZsaG17V972,spotify:track:0oPdaY4dXtc3ZsaG17V972,Feliz Navidad,3No96PtEFyRfX1oELmZTPu,spotify:album:3No96PtEFyRfX1oELmZTPu,José Feliciano,7K78lVZ8XzkjfRSI7570FF,spotify:artist:7K78lVZ8XzkjfRSI7570FF,182.066,15,64,2002-09-24,0.512,0.831,2,-9.004,1,0.0383,0.552,0.0,0.336,0.963,148.82,"['latin pop', 'puerto rican pop']",[]
159,Let It Snow! Let It Snow! Let It Snow!,https://open.spotify.com/track/2uFaJJtFpPDc5Pa95XzTvg,2uFaJJtFpPDc5Pa95XzTvg,spotify:track:2uFaJJtFpPDc5Pa95XzTvg,A Winter Romance,5I48ENiZiaZZSOpec6PdS5,spotify:album:5I48ENiZiaZZSOpec6PdS5,Dean Martin,49e4v89VmlDcFCMyDv9wQ9,spotify:artist:49e4v89VmlDcFCMyDv9wQ9,117.146,12,68,1959-01-01,0.452,0.24,1,-14.014,1,0.0351,0.912,2.45e-06,0.175,0.701,134.005,"['adult standards', 'easy listening', 'lounge', 'vocal jazz']",[]
160,The Christmas Song (Merry Christmas To You),https://open.spotify.com/track/4PS1e8f2LvuTFgUs1Cn3ON,4PS1e8f2LvuTFgUs1Cn3ON,spotify:track:4PS1e8f2LvuTFgUs1Cn3ON,The Christmas Song (Expanded Edition),6vBGI5522jvPi0ZZuGQNp4,spotify:album:6vBGI5522jvPi0ZZuGQNp4,Nat King Cole,7v4imS0moSyGdXyLgVTIV7,spotify:artist:7v4imS0moSyGdXyLgVTIV7,192.16,19,68,1962,0.319,0.21,1,-15.231,1,0.0341,0.92,8.06e-05,0.138,0.209,78.696,"['adult standards', 'vocal jazz']",[]
161,Sleigh Ride,https://open.spotify.com/track/5ASM6Qjiav2xPe7gRkQMsQ,5ASM6Qjiav2xPe7gRkQMsQ,spotify:track:5ASM6Qjiav2xPe7gRkQMsQ,A Christmas Gift For You From Phil Spector,2kzkwgOFAtRsDsas5Hi0Qu,spotify:album:2kzkwgOFAtRsDsas5Hi0Qu,The Ronettes,7CyeXFnOrfC1N6z4naIpgo,spotify:artist:7CyeXFnOrfC1N6z4naIpgo,181.266,13,66,1963,0.528,0.772,2,-7.013,1,0.0288,0.403,2.52e-06,0.316,0.852,91.735,"['adult standards', 'brill building pop', 'classic girl group', 'motown']",[]
162,Here Comes Santa Claus (Right Down Santa Claus Lane),https://open.spotify.com/track/25leEEaz1gIpp7o21Fqyjo,25leEEaz1gIpp7o21Fqyjo,spotify:track:25leEEaz1gIpp7o21Fqyjo,Rudolph The Red Nosed Reindeer And Other Christmas Classics,3BPDSjoJlho8oiUPUNrShM,spotify:album:3BPDSjoJlho8oiUPUNrShM,Gene Autry,5ixB75BQR3ADoWQkcHQJTs,spotify:artist:5ixB75BQR3ADoWQkcHQJTs,150.266,18,61,1947,0.834,0.372,1,-11.99,1,0.0358,0.799,0.0,0.275,0.976,96.628,"['adult standards', 'cowboy western', 'oklahoma country', 'traditional country', 'yodeling']",[]
163,Happy Holiday / The Holiday Season,https://open.spotify.com/track/3sDdyBHQ60Cs1opmIyRvhp,3sDdyBHQ60Cs1opmIyRvhp,spotify:track:3sDdyBHQ60Cs1opmIyRvhp,The Andy Williams Christmas Album,4dcJHxlOJwtyypL7sx1qch,spotify:album:4dcJHxlOJwtyypL7sx1qch,Andy Williams,4sj6D0zlMOl25nprDJBiU9,spotify:artist:4sj6D0zlMOl25nprDJBiU9,156.866,12,55,1963-11-24,0.505,0.451,9,-10.193,0,0.0329,0.727,0.0,0.233,0.744,74.347,"['adult standards', 'brill building pop', 'easy listening', 'mellow gold']",[]
164,Christmas (Baby Please Come Home),https://open.spotify.com/track/46pF1zFimM582ss1PrMy68,46pF1zFimM582ss1PrMy68,spotify:track:46pF1zFimM582ss1PrMy68,A Christmas Gift For You From Phil Spector,2kzkwgOFAtRsDsas5Hi0Qu,spotify:album:2kzkwgOFAtRsDsas5Hi0Qu,Darlene Love,391oLRVmoTkumiN79HkTWu,spotify:artist:391oLRVmoTkumiN79HkTWu,166.453,13,61,1963,0.343,0.76,3,-7.146,1,0.0513,0.392,0.000388,0.0773,0.356,126.322,"['adult standards', 'brill building pop', 'motown']",[]
165,Underneath the Tree,https://open.spotify.com/track/3YZE5qDV7u1ZD1gZc47ZeR,3YZE5qDV7u1ZD1gZc47ZeR,spotify:track:3YZE5qDV7u1ZD1gZc47ZeR,Wrapped In Red,7Jahqd1kx9Qau0E9x9iZj6,spotify:album:7Jahqd1kx9Qau0E9x9iZj6,Kelly Clarkson,3BmGtnKgCSGYIUhmivXKWX,spotify:artist:3BmGtnKgCSGYIUhmivXKWX,229.64,14,62,2013-10-29,0.509,0.812,8,-5.438,1,0.0537,0.0013,1.99e-05,0.214,0.689,159.876,"['dance pop', 'neo mellow', 'pop', 'pop rock', 'post-teen pop', 'talent show', 'urban contemporary']",[]
166,Here Comes Santa Claus (Right Down Santa Claus Lane),https://open.spotify.com/track/25leEEaz1gIpp7o21Fqyjo,25leEEaz1gIpp7o21Fqyjo,spotify:track:25leEEaz1gIpp7o21Fqyjo,Rudolph The Red Nosed Reindeer And Other Christmas Classics,3BPDSjoJlho8oiUPUNrShM,spotify:album:3BPDSjoJlho8oiUPUNrShM,Gene Autry,5ixB75BQR3ADoWQkcHQJTs,spotify:artist:5ixB75BQR3ADoWQkcHQJTs,150.266,18,61,1947,0.834,0.372,1,-11.99,1,0.0358,0.799,0.0,0.275,0.976,96.628,"['adult standards', 'cowboy western', 'oklahoma country', 'traditional country', 'yodeling']",[]
167,Run Rudolph Run - Single Version,https://open.spotify.com/track/2pnPe4pJtq7689i5ydzvJJ,2pnPe4pJtq7689i5ydzvJJ,spotify:track:2pnPe4pJtq7689i5ydzvJJ,Rock 'N' Roll Rarities,1DILNh7maaYyKxe15V9xLq,spotify:album:1DILNh7maaYyKxe15V9xLq,Chuck Berry,293zczrfYafIItmnmM3coR,spotify:artist:293zczrfYafIItmnmM3coR,165.733,20,67,1986-01-01,0.681,0.715,7,-10.609,0,0.0912,0.812,9.43e-06,0.0777,0.957,152.132,"['blues rock', 'classic rock', 'rock', 'rock-and-roll', 'rockabilly', 'soul']",[]
168,(There's No Place Like) Home for the Holidays - 1954 Version,https://open.spotify.com/track/5mKxNjNnRFpO9Muzw3Ug0u,5mKxNjNnRFpO9Muzw3Ug0u,spotify:track:5mKxNjNnRFpO9Muzw3Ug0u,Greatest Christmas Songs,4lculT3R9mxFqdmXOCLuY7,spotify:album:4lculT3R9mxFqdmXOCLuY7,Perry Como,5v8jlSmAQfrkTjAlpUfWtu,spotify:artist:5v8jlSmAQfrkTjAlpUfWtu,171.333,21,46,1999-08-20,0.69,0.189,0,-12.797,1,0.0316,0.897,0.0,0.133,0.735,78.042,"['adult standards', 'brill building pop', 'easy listening', 'lounge']",[]
169,Blue Christmas,https://open.spotify.com/track/3QiAAp20rPC3dcAtKtMaqQ,3QiAAp20rPC3dcAtKtMaqQ,spotify:track:3QiAAp20rPC3dcAtKtMaqQ,Elvis' Christmas Album,6zk4RKl6JFlgLCV4Z7DQ7N,spotify:album:6zk4RKl6JFlgLCV4Z7DQ7N,Elvis Presley,43ZHCT0cAZBISjO8DG9PnE,spotify:artist:43ZHCT0cAZBISjO8DG9PnE,129.173,12,68,1957-10-15,0.465,0.27,4,-16.661,1,0.0425,0.902,0.00104,0.145,0.58,94.519,"['adult standards', 'rock-and-roll', 'rockabilly']",[]
170,White Christmas - Bing Crosby 1942,https://open.spotify.com/track/0QpgSrB4yg5F2Jw7HSvuOn,0QpgSrB4yg5F2Jw7HSvuOn,spotify:track:0QpgSrB4yg5F2Jw7HSvuOn,Magic Old America,62dlOcDiRpXxdQrCpg0P1u,spotify:album:62dlOcDiRpXxdQrCpg0P1u,Patrizia Barrera,0sLLFeCiVe2WjKRiygH90x,spotify:artist:0sLLFeCiVe2WjKRiygH90x,184.659,9,19,2011-10-18,0.198,0.28,10,-12.648,1,0.0314,0.813,0.000177,0.387,0.274,94.237,[],[]
171,Jingle Bells,https://open.spotify.com/track/4KV9bM7a1KDc7b7OakFZic,4KV9bM7a1KDc7b7OakFZic,spotify:track:4KV9bM7a1KDc7b7OakFZic,Ultimate Christmas,1gCLWt3kXk5kNTZdsx6P8a,spotify:album:1gCLWt3kXk5kNTZdsx6P8a,Frank Sinatra,1Mxqyy3pSjf8kZZL4QVxS0,spotify:artist:1Mxqyy3pSjf8kZZL4QVxS0,122.16,20,61,2017-10-06,0.706,0.383,8,-11.44,1,0.0342,0.758,0.0,0.0608,0.87,86.997,"['adult standards', 'easy listening', 'lounge']",[]
172,Like It's Christmas,https://open.spotify.com/track/1OjmlSFuzYflWjSMTCyTJv,1OjmlSFuzYflWjSMTCyTJv,spotify:track:1OjmlSFuzYflWjSMTCyTJv,Like It's Christmas,2SOQX9qSOQhxc0PsI5LNnu,spotify:album:2SOQX9qSOQhxc0PsI5LNnu,Jonas Brothers,7gOdHgIoIKoe4i9Tta6qdD,spotify:artist:7gOdHgIoIKoe4i9Tta6qdD,200.88,1,68,2019-11-08,0.725,0.571,1,-6.007,1,0.102,0.0183,0.0,0.0519,0.61,146.035,"['boy band', 'dance pop', 'pop', 'pop rock', 'post-teen pop']",[]
173,"Baby, It's Cold Outside",https://open.spotify.com/track/4MrfQL4TYQXJBlZYpAHTuE,4MrfQL4TYQXJBlZYpAHTuE,spotify:track:4MrfQL4TYQXJBlZYpAHTuE,A Winter Romance,5I48ENiZiaZZSOpec6PdS5,spotify:album:5I48ENiZiaZZSOpec6PdS5,Dean Martin,49e4v89VmlDcFCMyDv9wQ9,spotify:artist:49e4v89VmlDcFCMyDv9wQ9,143.733,12,59,1959-01-01,0.469,0.196,0,-16.093,1,0.0571,0.882,0.0,0.0513,0.537,130.036,"['adult standards', 'easy listening', 'lounge', 'vocal jazz']",[]
174,"You're A Mean One, Mr. Grinch",https://open.spotify.com/track/4qP2V09IpTct5A1ZSnr1zh,4qP2V09IpTct5A1ZSnr1zh,spotify:track:4qP2V09IpTct5A1ZSnr1zh,Dr. Seuss' How The Grinch Stole Christmas! (Original TV Soundtrack),6P62c1CkC8iNejWXQGegDQ,spotify:album:6P62c1CkC8iNejWXQGegDQ,Thurl Ravenscroft,5Gejwv3xz2DpLcxVpMD6hL,spotify:artist:5Gejwv3xz2DpLcxVpMD6hL,315.706,10,58,1966-12-18,0.517,0.484,2,-10.93,0,0.318,0.952,0.0075,0.129,0.42,141.914,['movie tunes'],[]
176,Hate Me (8-Bit Ellie Goulding & Juice WRLD Emulation),https://open.spotify.com/track/03gFDLpWp4v22MS7eqEFd7,03gFDLpWp4v22MS7eqEFd7,spotify:track:03gFDLpWp4v22MS7eqEFd7,"By Request, Vol. 39",3aGoipvnafc6byFdoJYG0Z,spotify:album:3aGoipvnafc6byFdoJYG0Z,8-Bit Arcade,21VBNkZvKxrI9zmfFRxXvn,spotify:artist:21VBNkZvKxrI9zmfFRxXvn,180.372,20,4,2019-07-21,0.469,0.576,8,-5.749,1,0.0344,0.00432,0.828,0.0754,0.365,150.276,"['8-bit', 'scorecore']",[]
